--------------------------------------------------------
--  File created - 星期日-三月-16-2014   
--------------------------------------------------------
  DROP TABLE "SCOTT"."ACCOUNT" cascade constraints;
  DROP TABLE "SCOTT"."BUSINESS" cascade constraints;
  DROP TABLE "SCOTT"."BUSINESS_UPDATE_BAK" cascade constraints;
  DROP TABLE "SCOTT"."COST" cascade constraints;
  DROP TABLE "SCOTT"."ROLE_INFO" cascade constraints;
  DROP TABLE "SCOTT"."ROLE_PRIVILEGE" cascade constraints;
  DROP TABLE "SCOTT"."USER_INFO" cascade constraints;
  DROP TABLE "SCOTT"."USER_ROLE" cascade constraints;
  DROP SEQUENCE "SCOTT"."ACCOUNT_SEQ";
  DROP SEQUENCE "SCOTT"."BUSINESS_BAK_SEQ";
  DROP SEQUENCE "SCOTT"."BUSINESS_SEQ";
  DROP SEQUENCE "SCOTT"."COST_SEQ";
  DROP SEQUENCE "SCOTT"."ROLE_SEQ";
  DROP SEQUENCE "SCOTT"."USER_SEQ";
--------------------------------------------------------
--  DDL for Sequence ACCOUNT_SEQ
--------------------------------------------------------

   CREATE SEQUENCE  "SCOTT"."ACCOUNT_SEQ"  MINVALUE 1 MAXVALUE 9999999999999999999999999999 INCREMENT BY 1 START WITH 2040 CACHE 20 NOORDER  NOCYCLE ;
--------------------------------------------------------
--  DDL for Sequence BUSINESS_BAK_SEQ
--------------------------------------------------------

   CREATE SEQUENCE  "SCOTT"."BUSINESS_BAK_SEQ"  MINVALUE 1 MAXVALUE 9999999999999999999999999999 INCREMENT BY 1 START WITH 140 CACHE 20 NOORDER  NOCYCLE ;
--------------------------------------------------------
--  DDL for Sequence BUSINESS_SEQ
--------------------------------------------------------

   CREATE SEQUENCE  "SCOTT"."BUSINESS_SEQ"  MINVALUE 1 MAXVALUE 9999999999999999999999999999 INCREMENT BY 1 START WITH 140 CACHE 20 NOORDER  NOCYCLE ;
--------------------------------------------------------
--  DDL for Sequence COST_SEQ
--------------------------------------------------------

   CREATE SEQUENCE  "SCOTT"."COST_SEQ"  MINVALUE 1 MAXVALUE 9999999999999999999999999999 INCREMENT BY 1 START WITH 160 CACHE 20 NOORDER  NOCYCLE ;
--------------------------------------------------------
--  DDL for Sequence ROLE_SEQ
--------------------------------------------------------

   CREATE SEQUENCE  "SCOTT"."ROLE_SEQ"  MINVALUE 1 MAXVALUE 9999999999999999999999999999 INCREMENT BY 1 START WITH 120 CACHE 20 NOORDER  NOCYCLE ;
--------------------------------------------------------
--  DDL for Sequence USER_SEQ
--------------------------------------------------------

   CREATE SEQUENCE  "SCOTT"."USER_SEQ"  MINVALUE 1 MAXVALUE 9999999999999999999999999999 INCREMENT BY 1 START WITH 120 CACHE 20 NOORDER  NOCYCLE ;
--------------------------------------------------------
--  DDL for Table ACCOUNT
--------------------------------------------------------

  CREATE TABLE "SCOTT"."ACCOUNT" 
   (	"ID" NUMBER(9,0), 
	"RECOMMENDER_ID" NUMBER(9,0), 
	"LOGIN_NAME" VARCHAR2(30 BYTE), 
	"LOGIN_PASSWD" VARCHAR2(30 BYTE), 
	"STATUS" CHAR(1 BYTE), 
	"CREATE_DATE" DATE DEFAULT SYSDATE, 
	"PAUSE_DATE" DATE, 
	"CLOSE_DATE" DATE, 
	"REAL_NAME" VARCHAR2(20 BYTE), 
	"IDCARD_NO" CHAR(18 BYTE), 
	"BIRTHDAY" DATE, 
	"GENDER" CHAR(1 BYTE), 
	"OCCUPATION" VARCHAR2(50 BYTE), 
	"TELEPHONE" VARCHAR2(15 BYTE), 
	"EMAIL" VARCHAR2(50 BYTE), 
	"ADDRESS" VARCHAR2(50 BYTE), 
	"ZIPCODE" CHAR(6 BYTE), 
	"QQ" VARCHAR2(15 BYTE), 
	"LAST_LOGIN_TIME" DATE, 
	"LAST_LOGIN_IP" VARCHAR2(15 BYTE)
   ) SEGMENT CREATION IMMEDIATE 
  PCTFREE 10 PCTUSED 40 INITRANS 1 MAXTRANS 255 NOCOMPRESS LOGGING
  STORAGE(INITIAL 65536 NEXT 1048576 MINEXTENTS 1 MAXEXTENTS 2147483645
  PCTINCREASE 0 FREELISTS 1 FREELIST GROUPS 1 BUFFER_POOL DEFAULT FLASH_CACHE DEFAULT CELL_FLASH_CACHE DEFAULT)
  TABLESPACE "USERS" ;
--------------------------------------------------------
--  DDL for Table BUSINESS
--------------------------------------------------------

  CREATE TABLE "SCOTT"."BUSINESS" 
   (	"ID" NUMBER(10,0), 
	"ACCOUNT_ID" NUMBER(9,0), 
	"UNIX_HOST" VARCHAR2(15 BYTE), 
	"OS_USERNAME" VARCHAR2(8 BYTE), 
	"LOGIN_PASSWD" VARCHAR2(8 BYTE), 
	"STATUS" CHAR(1 BYTE), 
	"CREATE_DATE" DATE DEFAULT SYSDATE, 
	"PAUSE_DATE" DATE, 
	"CLOSE_DATE" DATE, 
	"COST_ID" NUMBER(4,0)
   ) SEGMENT CREATION IMMEDIATE 
  PCTFREE 10 PCTUSED 40 INITRANS 1 MAXTRANS 255 NOCOMPRESS LOGGING
  STORAGE(INITIAL 65536 NEXT 1048576 MINEXTENTS 1 MAXEXTENTS 2147483645
  PCTINCREASE 0 FREELISTS 1 FREELIST GROUPS 1 BUFFER_POOL DEFAULT FLASH_CACHE DEFAULT CELL_FLASH_CACHE DEFAULT)
  TABLESPACE "USERS" ;
--------------------------------------------------------
--  DDL for Table BUSINESS_UPDATE_BAK
--------------------------------------------------------

  CREATE TABLE "SCOTT"."BUSINESS_UPDATE_BAK" 
   (	"ID" NUMBER(10,0), 
	"BUSINESS_ID" NUMBER(9,0), 
	"COST_ID" NUMBER(4,0)
   ) SEGMENT CREATION IMMEDIATE 
  PCTFREE 10 PCTUSED 40 INITRANS 1 MAXTRANS 255 NOCOMPRESS LOGGING
  STORAGE(INITIAL 65536 NEXT 1048576 MINEXTENTS 1 MAXEXTENTS 2147483645
  PCTINCREASE 0 FREELISTS 1 FREELIST GROUPS 1 BUFFER_POOL DEFAULT FLASH_CACHE DEFAULT CELL_FLASH_CACHE DEFAULT)
  TABLESPACE "USERS" ;
--------------------------------------------------------
--  DDL for Table COST
--------------------------------------------------------

  CREATE TABLE "SCOTT"."COST" 
   (	"ID" NUMBER(4,0), 
	"NAME" VARCHAR2(50 BYTE), 
	"BASE_DURATION" NUMBER(11,0), 
	"BASE_COST" NUMBER(7,2), 
	"UNIT_COST" NUMBER(7,4), 
	"STATUS" CHAR(1 BYTE), 
	"DESCR" VARCHAR2(100 BYTE), 
	"CREATETIME" DATE DEFAULT SYSDATE, 
	"STARTTIME" DATE, 
	"COST_TYPE" CHAR(1 BYTE)
   ) SEGMENT CREATION IMMEDIATE 
  PCTFREE 10 PCTUSED 40 INITRANS 1 MAXTRANS 255 NOCOMPRESS LOGGING
  STORAGE(INITIAL 65536 NEXT 1048576 MINEXTENTS 1 MAXEXTENTS 2147483645
  PCTINCREASE 0 FREELISTS 1 FREELIST GROUPS 1 BUFFER_POOL DEFAULT FLASH_CACHE DEFAULT CELL_FLASH_CACHE DEFAULT)
  TABLESPACE "USERS" ;
--------------------------------------------------------
--  DDL for Table ROLE_INFO
--------------------------------------------------------

  CREATE TABLE "SCOTT"."ROLE_INFO" 
   (	"ID" NUMBER(11,0), 
	"NAME" VARCHAR2(20 BYTE)
   ) SEGMENT CREATION IMMEDIATE 
  PCTFREE 10 PCTUSED 40 INITRANS 1 MAXTRANS 255 NOCOMPRESS LOGGING
  STORAGE(INITIAL 65536 NEXT 1048576 MINEXTENTS 1 MAXEXTENTS 2147483645
  PCTINCREASE 0 FREELISTS 1 FREELIST GROUPS 1 BUFFER_POOL DEFAULT FLASH_CACHE DEFAULT CELL_FLASH_CACHE DEFAULT)
  TABLESPACE "USERS" ;
--------------------------------------------------------
--  DDL for Table ROLE_PRIVILEGE
--------------------------------------------------------

  CREATE TABLE "SCOTT"."ROLE_PRIVILEGE" 
   (	"ROLE_ID" NUMBER(11,0), 
	"PRIVILEGE_ID" NUMBER(11,0)
   ) SEGMENT CREATION IMMEDIATE 
  PCTFREE 10 PCTUSED 40 INITRANS 1 MAXTRANS 255 NOCOMPRESS LOGGING
  STORAGE(INITIAL 65536 NEXT 1048576 MINEXTENTS 1 MAXEXTENTS 2147483645
  PCTINCREASE 0 FREELISTS 1 FREELIST GROUPS 1 BUFFER_POOL DEFAULT FLASH_CACHE DEFAULT CELL_FLASH_CACHE DEFAULT)
  TABLESPACE "USERS" ;
--------------------------------------------------------
--  DDL for Table USER_INFO
--------------------------------------------------------

  CREATE TABLE "SCOTT"."USER_INFO" 
   (	"ID" NUMBER(11,0), 
	"USER_CODE" VARCHAR2(30 BYTE), 
	"PASSWORD" VARCHAR2(8 BYTE), 
	"USERNAME" VARCHAR2(20 BYTE), 
	"TELEPHONE" VARCHAR2(15 BYTE), 
	"EMAIL" VARCHAR2(50 BYTE), 
	"ENROLLDATE" DATE
   ) SEGMENT CREATION IMMEDIATE 
  PCTFREE 10 PCTUSED 40 INITRANS 1 MAXTRANS 255 NOCOMPRESS LOGGING
  STORAGE(INITIAL 65536 NEXT 1048576 MINEXTENTS 1 MAXEXTENTS 2147483645
  PCTINCREASE 0 FREELISTS 1 FREELIST GROUPS 1 BUFFER_POOL DEFAULT FLASH_CACHE DEFAULT CELL_FLASH_CACHE DEFAULT)
  TABLESPACE "USERS" ;
--------------------------------------------------------
--  DDL for Table USER_ROLE
--------------------------------------------------------

  CREATE TABLE "SCOTT"."USER_ROLE" 
   (	"USER_ID" NUMBER(11,0), 
	"ROLE_ID" NUMBER(11,0)
   ) SEGMENT CREATION IMMEDIATE 
  PCTFREE 10 PCTUSED 40 INITRANS 1 MAXTRANS 255 NOCOMPRESS LOGGING
  STORAGE(INITIAL 65536 NEXT 1048576 MINEXTENTS 1 MAXEXTENTS 2147483645
  PCTINCREASE 0 FREELISTS 1 FREELIST GROUPS 1 BUFFER_POOL DEFAULT FLASH_CACHE DEFAULT CELL_FLASH_CACHE DEFAULT)
  TABLESPACE "USERS" ;

---------------------------------------------------
--   DATA FOR TABLE ACCOUNT
--   FILTER = none used
---------------------------------------------------
REM INSERTING into SCOTT.ACCOUNT
Insert into SCOTT.ACCOUNT (ID,RECOMMENDER_ID,LOGIN_NAME,LOGIN_PASSWD,STATUS,CREATE_DATE,PAUSE_DATE,CLOSE_DATE,REAL_NAME,IDCARD_NO,BIRTHDAY,GENDER,OCCUPATION,TELEPHONE,EMAIL,ADDRESS,ZIPCODE,QQ,LAST_LOGIN_TIME,LAST_LOGIN_IP) values (2005,null,'yutut','123','2',to_timestamp('10-3月 -14 05.29.08.000000000 下午','DD-MON-RR HH.MI.SS.FF AM'),null,to_timestamp('14-3月 -14 06.38.00.000000000 下午','DD-MON-RR HH.MI.SS.FF AM'),'aaaaa','440682199809270615',to_timestamp('27-9月 -98 12.00.00.000000000 上午','DD-MON-RR HH.MI.SS.FF AM'),null,'干部','13189687854',null,null,null,null,null,null);
Insert into SCOTT.ACCOUNT (ID,RECOMMENDER_ID,LOGIN_NAME,LOGIN_PASSWD,STATUS,CREATE_DATE,PAUSE_DATE,CLOSE_DATE,REAL_NAME,IDCARD_NO,BIRTHDAY,GENDER,OCCUPATION,TELEPHONE,EMAIL,ADDRESS,ZIPCODE,QQ,LAST_LOGIN_TIME,LAST_LOGIN_IP) values (1005,null,'leslie001','12','1',to_timestamp('15-3月 -08 12.00.00.000000000 上午','DD-MON-RR HH.MI.SS.FF AM'),null,null,'Leslie','440682199111260615',to_timestamp('25-2月 -43 12.00.00.000000000 上午','DD-MON-RR HH.MI.SS.FF AM'),null,'干部','15626182983',null,null,null,null,null,null);
Insert into SCOTT.ACCOUNT (ID,RECOMMENDER_ID,LOGIN_NAME,LOGIN_PASSWD,STATUS,CREATE_DATE,PAUSE_DATE,CLOSE_DATE,REAL_NAME,IDCARD_NO,BIRTHDAY,GENDER,OCCUPATION,TELEPHONE,EMAIL,ADDRESS,ZIPCODE,QQ,LAST_LOGIN_TIME,LAST_LOGIN_IP) values (1010,null,'xl18z60','190613','2',to_timestamp('10-1月 -09 12.00.00.000000000 上午','DD-MON-RR HH.MI.SS.FF AM'),null,to_timestamp('11-3月 -14 11.08.50.000000000 上午','DD-MON-RR HH.MI.SS.FF AM'),'Jackson','330682196903190613',to_timestamp('19-3月 -69 12.00.00.000000000 上午','DD-MON-RR HH.MI.SS.FF AM'),null,'其他','13338924567',null,null,null,null,null,null);
Insert into SCOTT.ACCOUNT (ID,RECOMMENDER_ID,LOGIN_NAME,LOGIN_PASSWD,STATUS,CREATE_DATE,PAUSE_DATE,CLOSE_DATE,REAL_NAME,IDCARD_NO,BIRTHDAY,GENDER,OCCUPATION,TELEPHONE,EMAIL,ADDRESS,ZIPCODE,QQ,LAST_LOGIN_TIME,LAST_LOGIN_IP) values (1011,1010,'dgbf70','270429','1',to_timestamp('01-3月 -09 12.00.00.000000000 上午','DD-MON-RR HH.MI.SS.FF AM'),null,null,'David','330902197108270429',to_timestamp('27-8月 -71 12.00.00.000000000 上午','DD-MON-RR HH.MI.SS.FF AM'),null,'其他','13637811357',null,null,null,null,null,null);
Insert into SCOTT.ACCOUNT (ID,RECOMMENDER_ID,LOGIN_NAME,LOGIN_PASSWD,STATUS,CREATE_DATE,PAUSE_DATE,CLOSE_DATE,REAL_NAME,IDCARD_NO,BIRTHDAY,GENDER,OCCUPATION,TELEPHONE,EMAIL,ADDRESS,ZIPCODE,QQ,LAST_LOGIN_TIME,LAST_LOGIN_IP) values (1015,1005,'mjjzh64','041115','2',to_timestamp('12-3月 -10 12.00.00.000000000 上午','DD-MON-RR HH.MI.SS.FF AM'),to_timestamp('11-3月 -14 10.58.49.000000000 上午','DD-MON-RR HH.MI.SS.FF AM'),to_timestamp('11-3月 -14 11.11.31.000000000 上午','DD-MON-RR HH.MI.SS.FF AM'),'Michael','610121198906041115',to_timestamp('04-6月 -89 12.00.00.000000000 上午','DD-MON-RR HH.MI.SS.FF AM'),null,'其他','13572952468',null,null,null,null,null,null);
Insert into SCOTT.ACCOUNT (ID,RECOMMENDER_ID,LOGIN_NAME,LOGIN_PASSWD,STATUS,CREATE_DATE,PAUSE_DATE,CLOSE_DATE,REAL_NAME,IDCARD_NO,BIRTHDAY,GENDER,OCCUPATION,TELEPHONE,EMAIL,ADDRESS,ZIPCODE,QQ,LAST_LOGIN_TIME,LAST_LOGIN_IP) values (1018,1011,'jmdxj00','010322','1',to_timestamp('01-1月 -11 12.00.00.000000000 上午','DD-MON-RR HH.MI.SS.FF AM'),null,null,'Paul','350581200201010322',to_timestamp('01-1月 -96 12.00.00.000000000 上午','DD-MON-RR HH.MI.SS.FF AM'),null,'其他','18617832562',null,null,null,null,null,null);
Insert into SCOTT.ACCOUNT (ID,RECOMMENDER_ID,LOGIN_NAME,LOGIN_PASSWD,STATUS,CREATE_DATE,PAUSE_DATE,CLOSE_DATE,REAL_NAME,IDCARD_NO,BIRTHDAY,GENDER,OCCUPATION,TELEPHONE,EMAIL,ADDRESS,ZIPCODE,QQ,LAST_LOGIN_TIME,LAST_LOGIN_IP) values (1019,1011,'ljxj90','310346','1',to_timestamp('01-2月 -12 12.00.00.000000000 上午','DD-MON-RR HH.MI.SS.FF AM'),null,null,'John','320211199307310346',to_timestamp('31-7月 -93 12.00.00.000000000 上午','DD-MON-RR HH.MI.SS.FF AM'),null,'其他','13186454984',null,null,null,null,null,null);
Insert into SCOTT.ACCOUNT (ID,RECOMMENDER_ID,LOGIN_NAME,LOGIN_PASSWD,STATUS,CREATE_DATE,PAUSE_DATE,CLOSE_DATE,REAL_NAME,IDCARD_NO,BIRTHDAY,GENDER,OCCUPATION,TELEPHONE,EMAIL,ADDRESS,ZIPCODE,QQ,LAST_LOGIN_TIME,LAST_LOGIN_IP) values (1020,null,'kxhxd20','012115','1',to_timestamp('20-2月 -12 12.00.00.000000000 上午','DD-MON-RR HH.MI.SS.FF AM'),null,null,'Eric','321022200010012115',to_timestamp('01-10月-00 12.00.00.000000000 上午','DD-MON-RR HH.MI.SS.FF AM'),null,'其他','13953410078',null,null,null,null,null,null);
Insert into SCOTT.ACCOUNT (ID,RECOMMENDER_ID,LOGIN_NAME,LOGIN_PASSWD,STATUS,CREATE_DATE,PAUSE_DATE,CLOSE_DATE,REAL_NAME,IDCARD_NO,BIRTHDAY,GENDER,OCCUPATION,TELEPHONE,EMAIL,ADDRESS,ZIPCODE,QQ,LAST_LOGIN_TIME,LAST_LOGIN_IP) values (1021,null,'kxhxd21','012116','1',to_timestamp('20-2月 -12 12.00.00.000000000 上午','DD-MON-RR HH.MI.SS.FF AM'),null,null,'Mary','321022200010012116',to_timestamp('02-10月-00 12.00.00.000000000 上午','DD-MON-RR HH.MI.SS.FF AM'),null,'其他','13953410079',null,null,null,null,null,null);
Insert into SCOTT.ACCOUNT (ID,RECOMMENDER_ID,LOGIN_NAME,LOGIN_PASSWD,STATUS,CREATE_DATE,PAUSE_DATE,CLOSE_DATE,REAL_NAME,IDCARD_NO,BIRTHDAY,GENDER,OCCUPATION,TELEPHONE,EMAIL,ADDRESS,ZIPCODE,QQ,LAST_LOGIN_TIME,LAST_LOGIN_IP) values (1022,null,'kxhxd22','012117','1',to_timestamp('20-2月 -12 12.00.00.000000000 上午','DD-MON-RR HH.MI.SS.FF AM'),null,null,'Jay','321022200010012117',to_timestamp('03-10月-00 12.00.00.000000000 上午','DD-MON-RR HH.MI.SS.FF AM'),null,'其他','13953410080',null,null,null,null,null,null);
Insert into SCOTT.ACCOUNT (ID,RECOMMENDER_ID,LOGIN_NAME,LOGIN_PASSWD,STATUS,CREATE_DATE,PAUSE_DATE,CLOSE_DATE,REAL_NAME,IDCARD_NO,BIRTHDAY,GENDER,OCCUPATION,TELEPHONE,EMAIL,ADDRESS,ZIPCODE,QQ,LAST_LOGIN_TIME,LAST_LOGIN_IP) values (1023,null,'kxhxd23','012118','1',to_timestamp('20-2月 -12 12.00.00.000000000 上午','DD-MON-RR HH.MI.SS.FF AM'),null,null,'Wallace','321022200010012118',to_timestamp('04-10月-00 12.00.00.000000000 上午','DD-MON-RR HH.MI.SS.FF AM'),null,'其他','13953410081',null,null,null,null,null,null);
Insert into SCOTT.ACCOUNT (ID,RECOMMENDER_ID,LOGIN_NAME,LOGIN_PASSWD,STATUS,CREATE_DATE,PAUSE_DATE,CLOSE_DATE,REAL_NAME,IDCARD_NO,BIRTHDAY,GENDER,OCCUPATION,TELEPHONE,EMAIL,ADDRESS,ZIPCODE,QQ,LAST_LOGIN_TIME,LAST_LOGIN_IP) values (1024,null,'kxhxd24','012119','1',to_timestamp('20-2月 -12 12.00.00.000000000 上午','DD-MON-RR HH.MI.SS.FF AM'),null,null,'Kitty','321022200010012119',to_timestamp('05-10月-00 12.00.00.000000000 上午','DD-MON-RR HH.MI.SS.FF AM'),null,'其他','13953410082',null,null,null,null,null,null);
Insert into SCOTT.ACCOUNT (ID,RECOMMENDER_ID,LOGIN_NAME,LOGIN_PASSWD,STATUS,CREATE_DATE,PAUSE_DATE,CLOSE_DATE,REAL_NAME,IDCARD_NO,BIRTHDAY,GENDER,OCCUPATION,TELEPHONE,EMAIL,ADDRESS,ZIPCODE,QQ,LAST_LOGIN_TIME,LAST_LOGIN_IP) values (1025,null,'xwxwxw','123','1',to_timestamp('20-2月 -12 12.00.00.000000000 上午','DD-MON-RR HH.MI.SS.FF AM'),null,null,'Tom','321022200010012120',to_timestamp('06-10月-00 12.00.00.000000000 上午','DD-MON-RR HH.MI.SS.FF AM'),'1','学生','13928898232','abc@126.com','地球','511234','952414519',null,null);
Insert into SCOTT.ACCOUNT (ID,RECOMMENDER_ID,LOGIN_NAME,LOGIN_PASSWD,STATUS,CREATE_DATE,PAUSE_DATE,CLOSE_DATE,REAL_NAME,IDCARD_NO,BIRTHDAY,GENDER,OCCUPATION,TELEPHONE,EMAIL,ADDRESS,ZIPCODE,QQ,LAST_LOGIN_TIME,LAST_LOGIN_IP) values (2006,null,'dfdfdf','123','1',to_timestamp('10-3月 -14 05.44.13.000000000 下午','DD-MON-RR HH.MI.SS.FF AM'),null,null,'hhhhh','440682198909270615',to_timestamp('27-9月 -89 12.00.00.000000000 上午','DD-MON-RR HH.MI.SS.FF AM'),null,'干部','13189687833',null,null,null,null,null,null);
Insert into SCOTT.ACCOUNT (ID,RECOMMENDER_ID,LOGIN_NAME,LOGIN_PASSWD,STATUS,CREATE_DATE,PAUSE_DATE,CLOSE_DATE,REAL_NAME,IDCARD_NO,BIRTHDAY,GENDER,OCCUPATION,TELEPHONE,EMAIL,ADDRESS,ZIPCODE,QQ,LAST_LOGIN_TIME,LAST_LOGIN_IP) values (2007,null,'ttb','123','1',to_timestamp('10-3月 -14 05.45.35.000000000 下午','DD-MON-RR HH.MI.SS.FF AM'),null,null,'iiiiiiiiii','440682198609270615',to_timestamp('27-9月 -86 12.00.00.000000000 上午','DD-MON-RR HH.MI.SS.FF AM'),null,'干部','13189687822','65@qq.com','天河','511400','952414519',null,null);
Insert into SCOTT.ACCOUNT (ID,RECOMMENDER_ID,LOGIN_NAME,LOGIN_PASSWD,STATUS,CREATE_DATE,PAUSE_DATE,CLOSE_DATE,REAL_NAME,IDCARD_NO,BIRTHDAY,GENDER,OCCUPATION,TELEPHONE,EMAIL,ADDRESS,ZIPCODE,QQ,LAST_LOGIN_TIME,LAST_LOGIN_IP) values (2008,null,'qzqz','111','1',to_timestamp('10-3月 -14 11.35.48.000000000 下午','DD-MON-RR HH.MI.SS.FF AM'),null,null,'vcvcvcvcv','440682198909280615',to_timestamp('28-9月 -89 12.00.00.000000000 上午','DD-MON-RR HH.MI.SS.FF AM'),null,'学生','13189687821',null,null,null,null,null,null);
Insert into SCOTT.ACCOUNT (ID,RECOMMENDER_ID,LOGIN_NAME,LOGIN_PASSWD,STATUS,CREATE_DATE,PAUSE_DATE,CLOSE_DATE,REAL_NAME,IDCARD_NO,BIRTHDAY,GENDER,OCCUPATION,TELEPHONE,EMAIL,ADDRESS,ZIPCODE,QQ,LAST_LOGIN_TIME,LAST_LOGIN_IP) values (2020,null,'fffffffffffff','3333','1',to_timestamp('11-3月 -14 10.22.03.000000000 上午','DD-MON-RR HH.MI.SS.FF AM'),null,null,'qqqqqqqqq','440682198608270615',to_timestamp('27-8月 -86 12.00.00.000000000 上午','DD-MON-RR HH.MI.SS.FF AM'),'1','技术人员','13189687837',null,null,null,null,null,null);

---------------------------------------------------
--   END DATA FOR TABLE ACCOUNT
---------------------------------------------------


---------------------------------------------------
--   DATA FOR TABLE BUSINESS
--   FILTER = none used
---------------------------------------------------
REM INSERTING into SCOTT.BUSINESS
Insert into SCOTT.BUSINESS (ID,ACCOUNT_ID,UNIX_HOST,OS_USERNAME,LOGIN_PASSWD,STATUS,CREATE_DATE,PAUSE_DATE,CLOSE_DATE,COST_ID) values (104,1005,'127.0.0.1','ccc','123','1',to_timestamp('09-3月 -14 03.42.33.000000000 下午','DD-MON-RR HH.MI.SS.FF AM'),null,null,103);
Insert into SCOTT.BUSINESS (ID,ACCOUNT_ID,UNIX_HOST,OS_USERNAME,LOGIN_PASSWD,STATUS,CREATE_DATE,PAUSE_DATE,CLOSE_DATE,COST_ID) values (2001,1010,'192.168.0.26','a','guo1234','2',to_timestamp('20-2月 -14 10.21.05.000000000 上午','DD-MON-RR HH.MI.SS.FF AM'),null,to_timestamp('11-3月 -14 11.08.51.000000000 上午','DD-MON-RR HH.MI.SS.FF AM'),1);
Insert into SCOTT.BUSINESS (ID,ACCOUNT_ID,UNIX_HOST,OS_USERNAME,LOGIN_PASSWD,STATUS,CREATE_DATE,PAUSE_DATE,CLOSE_DATE,COST_ID) values (2002,1011,'192.168.0.26','b','huang234','0',to_timestamp('20-2月 -14 10.21.19.000000000 上午','DD-MON-RR HH.MI.SS.FF AM'),to_timestamp('11-3月 -14 10.46.49.000000000 上午','DD-MON-RR HH.MI.SS.FF AM'),null,1);
Insert into SCOTT.BUSINESS (ID,ACCOUNT_ID,UNIX_HOST,OS_USERNAME,LOGIN_PASSWD,STATUS,CREATE_DATE,PAUSE_DATE,CLOSE_DATE,COST_ID) values (2003,1011,'192.168.0.20','c','huang234','0',to_timestamp('20-2月 -14 10.21.31.000000000 上午','DD-MON-RR HH.MI.SS.FF AM'),to_timestamp('11-3月 -14 10.46.49.000000000 上午','DD-MON-RR HH.MI.SS.FF AM'),null,3);
Insert into SCOTT.BUSINESS (ID,ACCOUNT_ID,UNIX_HOST,OS_USERNAME,LOGIN_PASSWD,STATUS,CREATE_DATE,PAUSE_DATE,CLOSE_DATE,COST_ID) values (2004,1011,'192.168.0.23','d','huang234','0',to_timestamp('10-3月 -14 10.05.44.000000000 上午','DD-MON-RR HH.MI.SS.FF AM'),to_timestamp('11-3月 -14 10.46.49.000000000 上午','DD-MON-RR HH.MI.SS.FF AM'),null,6);
Insert into SCOTT.BUSINESS (ID,ACCOUNT_ID,UNIX_HOST,OS_USERNAME,LOGIN_PASSWD,STATUS,CREATE_DATE,PAUSE_DATE,CLOSE_DATE,COST_ID) values (2005,1019,'192.168.0.26','e','luwu2345','2',to_timestamp('20-2月 -14 10.21.57.000000000 上午','DD-MON-RR HH.MI.SS.FF AM'),null,to_timestamp('09-3月 -14 12.16.25.000000000 下午','DD-MON-RR HH.MI.SS.FF AM'),4);
Insert into SCOTT.BUSINESS (ID,ACCOUNT_ID,UNIX_HOST,OS_USERNAME,LOGIN_PASSWD,STATUS,CREATE_DATE,PAUSE_DATE,CLOSE_DATE,COST_ID) values (2006,1019,'192.168.0.20','f','luwu2345','0',to_timestamp('09-3月 -14 03.10.06.000000000 下午','DD-MON-RR HH.MI.SS.FF AM'),to_timestamp('09-3月 -14 03.10.08.000000000 下午','DD-MON-RR HH.MI.SS.FF AM'),null,5);
Insert into SCOTT.BUSINESS (ID,ACCOUNT_ID,UNIX_HOST,OS_USERNAME,LOGIN_PASSWD,STATUS,CREATE_DATE,PAUSE_DATE,CLOSE_DATE,COST_ID) values (2007,1020,'192.168.0.20','g','wei12345','1',to_timestamp('09-3月 -14 02.44.39.000000000 下午','DD-MON-RR HH.MI.SS.FF AM'),null,null,6);
Insert into SCOTT.BUSINESS (ID,ACCOUNT_ID,UNIX_HOST,OS_USERNAME,LOGIN_PASSWD,STATUS,CREATE_DATE,PAUSE_DATE,CLOSE_DATE,COST_ID) values (2008,1010,'192.168.0.20','h','guo09876','2',to_timestamp('09-3月 -14 03.10.27.000000000 下午','DD-MON-RR HH.MI.SS.FF AM'),to_timestamp('09-3月 -14 03.14.10.000000000 下午','DD-MON-RR HH.MI.SS.FF AM'),to_timestamp('11-3月 -14 11.08.51.000000000 上午','DD-MON-RR HH.MI.SS.FF AM'),6);
Insert into SCOTT.BUSINESS (ID,ACCOUNT_ID,UNIX_HOST,OS_USERNAME,LOGIN_PASSWD,STATUS,CREATE_DATE,PAUSE_DATE,CLOSE_DATE,COST_ID) values (120,1005,'127.8.3.1','xxx','123','1',to_timestamp('10-3月 -14 02.50.38.000000000 下午','DD-MON-RR HH.MI.SS.FF AM'),null,null,122);

---------------------------------------------------
--   END DATA FOR TABLE BUSINESS
---------------------------------------------------


---------------------------------------------------
--   DATA FOR TABLE BUSINESS_UPDATE_BAK
--   FILTER = none used
---------------------------------------------------
REM INSERTING into SCOTT.BUSINESS_UPDATE_BAK
Insert into SCOTT.BUSINESS_UPDATE_BAK (ID,BUSINESS_ID,COST_ID) values (120,2002,121);
Insert into SCOTT.BUSINESS_UPDATE_BAK (ID,BUSINESS_ID,COST_ID) values (122,2002,121);
Insert into SCOTT.BUSINESS_UPDATE_BAK (ID,BUSINESS_ID,COST_ID) values (123,2007,1);
Insert into SCOTT.BUSINESS_UPDATE_BAK (ID,BUSINESS_ID,COST_ID) values (124,120,2);
Insert into SCOTT.BUSINESS_UPDATE_BAK (ID,BUSINESS_ID,COST_ID) values (102,2002,122);
Insert into SCOTT.BUSINESS_UPDATE_BAK (ID,BUSINESS_ID,COST_ID) values (121,2002,121);
Insert into SCOTT.BUSINESS_UPDATE_BAK (ID,BUSINESS_ID,COST_ID) values (101,100,4);

---------------------------------------------------
--   END DATA FOR TABLE BUSINESS_UPDATE_BAK
---------------------------------------------------


---------------------------------------------------
--   DATA FOR TABLE COST
--   FILTER = none used
---------------------------------------------------
REM INSERTING into SCOTT.COST
Insert into SCOTT.COST (ID,NAME,BASE_DURATION,BASE_COST,UNIT_COST,STATUS,DESCR,CREATETIME,STARTTIME,COST_TYPE) values (1,'5.9元套餐1',20,5.9,0.4,'1','5.9元20小时/月,超出部分0.4元/时',to_timestamp('12-2月 -14 10.45.12.000000000 上午','DD-MON-RR HH.MI.SS.FF AM'),to_timestamp('09-3月 -14 04.36.09.000000000 下午','DD-MON-RR HH.MI.SS.FF AM'),'0');
Insert into SCOTT.COST (ID,NAME,BASE_DURATION,BASE_COST,UNIT_COST,STATUS,DESCR,CREATETIME,STARTTIME,COST_TYPE) values (2,'计时8',null,null,88,'0',null,to_timestamp('12-2月 -14 10.48.56.000000000 上午','DD-MON-RR HH.MI.SS.FF AM'),null,'1');
Insert into SCOTT.COST (ID,NAME,BASE_DURATION,BASE_COST,UNIT_COST,STATUS,DESCR,CREATETIME,STARTTIME,COST_TYPE) values (4,'10.5元套餐',200,10.5,0.1,'0','10.5元200小时/月,超出部分0.1元/时',to_timestamp('12-2月 -14 10.49.37.000000000 上午','DD-MON-RR HH.MI.SS.FF AM'),null,'0');
Insert into SCOTT.COST (ID,NAME,BASE_DURATION,BASE_COST,UNIT_COST,STATUS,DESCR,CREATETIME,STARTTIME,COST_TYPE) values (5,'计时收费',0,0,20,'1','0.5元/时,不使用不收费',to_timestamp('12-2月 -14 10.49.47.000000000 上午','DD-MON-RR HH.MI.SS.FF AM'),to_timestamp('09-3月 -14 04.38.55.000000000 下午','DD-MON-RR HH.MI.SS.FF AM'),'1');
Insert into SCOTT.COST (ID,NAME,BASE_DURATION,BASE_COST,UNIT_COST,STATUS,DESCR,CREATETIME,STARTTIME,COST_TYPE) values (6,'包月',0,20,0,'0','每月20元,不限制使用时间',to_timestamp('12-2月 -14 10.49.55.000000000 上午','DD-MON-RR HH.MI.SS.FF AM'),null,'2');
Insert into SCOTT.COST (ID,NAME,BASE_DURATION,BASE_COST,UNIT_COST,STATUS,DESCR,CREATETIME,STARTTIME,COST_TYPE) values (122,'包月6',null,388,null,'0',null,to_timestamp('06-3月 -14 10.29.49.000000000 下午','DD-MON-RR HH.MI.SS.FF AM'),null,'2');
Insert into SCOTT.COST (ID,NAME,BASE_DURATION,BASE_COST,UNIT_COST,STATUS,DESCR,CREATETIME,STARTTIME,COST_TYPE) values (103,'计时2',null,null,88,'1','计时2',to_timestamp('05-3月 -14 11.46.58.000000000 下午','DD-MON-RR HH.MI.SS.FF AM'),to_timestamp('05-3月 -14 11.47.04.000000000 下午','DD-MON-RR HH.MI.SS.FF AM'),'1');
Insert into SCOTT.COST (ID,NAME,BASE_DURATION,BASE_COST,UNIT_COST,STATUS,DESCR,CREATETIME,STARTTIME,COST_TYPE) values (120,'包月2',null,888,null,'0','包月2',to_timestamp('06-3月 -14 09.17.32.000000000 下午','DD-MON-RR HH.MI.SS.FF AM'),null,'2');
Insert into SCOTT.COST (ID,NAME,BASE_DURATION,BASE_COST,UNIT_COST,STATUS,DESCR,CREATETIME,STARTTIME,COST_TYPE) values (123,'包月5',null,66,null,'0',null,to_timestamp('06-3月 -14 10.49.47.000000000 下午','DD-MON-RR HH.MI.SS.FF AM'),null,'2');
Insert into SCOTT.COST (ID,NAME,BASE_DURATION,BASE_COST,UNIT_COST,STATUS,DESCR,CREATETIME,STARTTIME,COST_TYPE) values (140,'计时29',null,null,33,'0',null,to_timestamp('09-3月 -14 04.07.20.000000000 下午','DD-MON-RR HH.MI.SS.FF AM'),null,'1');
Insert into SCOTT.COST (ID,NAME,BASE_DURATION,BASE_COST,UNIT_COST,STATUS,DESCR,CREATETIME,STARTTIME,COST_TYPE) values (121,'计时3',0,0,88,'1',null,to_timestamp('06-3月 -14 09.52.28.000000000 下午','DD-MON-RR HH.MI.SS.FF AM'),to_timestamp('09-3月 -14 03.04.49.000000000 下午','DD-MON-RR HH.MI.SS.FF AM'),'1');

---------------------------------------------------
--   END DATA FOR TABLE COST
---------------------------------------------------


---------------------------------------------------
--   DATA FOR TABLE ROLE_INFO
--   FILTER = none used
---------------------------------------------------
REM INSERTING into SCOTT.ROLE_INFO
Insert into SCOTT.ROLE_INFO (ID,NAME) values (101,'账务账号管理员');
Insert into SCOTT.ROLE_INFO (ID,NAME) values (102,'业务账号管理员');
Insert into SCOTT.ROLE_INFO (ID,NAME) values (103,'角色管理员');
Insert into SCOTT.ROLE_INFO (ID,NAME) values (4,'用户管理员');
Insert into SCOTT.ROLE_INFO (ID,NAME) values (5,'资费管理员');
Insert into SCOTT.ROLE_INFO (ID,NAME) values (1,'超级管理员');
Insert into SCOTT.ROLE_INFO (ID,NAME) values (2,'营业员');

---------------------------------------------------
--   END DATA FOR TABLE ROLE_INFO
---------------------------------------------------


---------------------------------------------------
--   DATA FOR TABLE ROLE_PRIVILEGE
--   FILTER = none used
---------------------------------------------------
REM INSERTING into SCOTT.ROLE_PRIVILEGE
Insert into SCOTT.ROLE_PRIVILEGE (ROLE_ID,PRIVILEGE_ID) values (4,2);
Insert into SCOTT.ROLE_PRIVILEGE (ROLE_ID,PRIVILEGE_ID) values (101,4);
Insert into SCOTT.ROLE_PRIVILEGE (ROLE_ID,PRIVILEGE_ID) values (102,5);
Insert into SCOTT.ROLE_PRIVILEGE (ROLE_ID,PRIVILEGE_ID) values (103,1);
Insert into SCOTT.ROLE_PRIVILEGE (ROLE_ID,PRIVILEGE_ID) values (1,1);
Insert into SCOTT.ROLE_PRIVILEGE (ROLE_ID,PRIVILEGE_ID) values (1,2);
Insert into SCOTT.ROLE_PRIVILEGE (ROLE_ID,PRIVILEGE_ID) values (1,3);
Insert into SCOTT.ROLE_PRIVILEGE (ROLE_ID,PRIVILEGE_ID) values (1,4);
Insert into SCOTT.ROLE_PRIVILEGE (ROLE_ID,PRIVILEGE_ID) values (1,5);
Insert into SCOTT.ROLE_PRIVILEGE (ROLE_ID,PRIVILEGE_ID) values (2,4);
Insert into SCOTT.ROLE_PRIVILEGE (ROLE_ID,PRIVILEGE_ID) values (2,5);
Insert into SCOTT.ROLE_PRIVILEGE (ROLE_ID,PRIVILEGE_ID) values (5,3);

---------------------------------------------------
--   END DATA FOR TABLE ROLE_PRIVILEGE
---------------------------------------------------


---------------------------------------------------
--   DATA FOR TABLE USER_INFO
--   FILTER = none used
---------------------------------------------------
REM INSERTING into SCOTT.USER_INFO
Insert into SCOTT.USER_INFO (ID,USER_CODE,PASSWORD,USERNAME,TELEPHONE,EMAIL,ENROLLDATE) values (100,'taotao','123456','涛涛涛','13662521008','834869783@qq.com',to_timestamp('13-3月 -14 01.10.30.000000000 下午','DD-MON-RR HH.MI.SS.FF AM'));
Insert into SCOTT.USER_INFO (ID,USER_CODE,PASSWORD,USERNAME,TELEPHONE,EMAIL,ENROLLDATE) values (1,'super','123','梁为涛','15626182983','952414519@qq.com',to_timestamp('02-3月 -14 11.38.19.000000000 上午','DD-MON-RR HH.MI.SS.FF AM'));
Insert into SCOTT.USER_INFO (ID,USER_CODE,PASSWORD,USERNAME,TELEPHONE,EMAIL,ENROLLDATE) values (2,'trade','1234','张三','13789687896','952714519@qq.com',to_timestamp('02-3月 -14 12.00.00.000000000 上午','DD-MON-RR HH.MI.SS.FF AM'));
Insert into SCOTT.USER_INFO (ID,USER_CODE,PASSWORD,USERNAME,TELEPHONE,EMAIL,ENROLLDATE) values (3,'lisi','12345','李四','13328898288','98736532388@qq.com',to_timestamp('02-3月 -14 12.00.00.000000000 上午','DD-MON-RR HH.MI.SS.FF AM'));
Insert into SCOTT.USER_INFO (ID,USER_CODE,PASSWORD,USERNAME,TELEPHONE,EMAIL,ENROLLDATE) values (4,'wangwu','123','王五','13928898232','874501233@qq.com',to_timestamp('02-3月 -14 12.00.00.000000000 上午','DD-MON-RR HH.MI.SS.FF AM'));
Insert into SCOTT.USER_INFO (ID,USER_CODE,PASSWORD,USERNAME,TELEPHONE,EMAIL,ENROLLDATE) values (5,'chenliu','1232','陈六','18924184188','678579823@qq.com',to_timestamp('02-3月 -14 12.00.00.000000000 上午','DD-MON-RR HH.MI.SS.FF AM'));
Insert into SCOTT.USER_INFO (ID,USER_CODE,PASSWORD,USERNAME,TELEPHONE,EMAIL,ENROLLDATE) values (6,'qiqi','678','八八','13662521222','75893622222@qq.com',to_timestamp('02-3月 -14 12.00.00.000000000 上午','DD-MON-RR HH.MI.SS.FF AM'));
Insert into SCOTT.USER_INFO (ID,USER_CODE,PASSWORD,USERNAME,TELEPHONE,EMAIL,ENROLLDATE) values (101,'xiaoqiang','1234','小强','13728634568','13728634568@126.com',to_timestamp('13-3月 -14 01.12.45.000000000 下午','DD-MON-RR HH.MI.SS.FF AM'));

---------------------------------------------------
--   END DATA FOR TABLE USER_INFO
---------------------------------------------------


---------------------------------------------------
--   DATA FOR TABLE USER_ROLE
--   FILTER = none used
---------------------------------------------------
REM INSERTING into SCOTT.USER_ROLE
Insert into SCOTT.USER_ROLE (USER_ID,ROLE_ID) values (1,101);
Insert into SCOTT.USER_ROLE (USER_ID,ROLE_ID) values (1,102);
Insert into SCOTT.USER_ROLE (USER_ID,ROLE_ID) values (1,103);
Insert into SCOTT.USER_ROLE (USER_ID,ROLE_ID) values (1,4);
Insert into SCOTT.USER_ROLE (USER_ID,ROLE_ID) values (1,5);
Insert into SCOTT.USER_ROLE (USER_ID,ROLE_ID) values (1,1);
Insert into SCOTT.USER_ROLE (USER_ID,ROLE_ID) values (1,2);
Insert into SCOTT.USER_ROLE (USER_ID,ROLE_ID) values (100,102);
Insert into SCOTT.USER_ROLE (USER_ID,ROLE_ID) values (2,101);
Insert into SCOTT.USER_ROLE (USER_ID,ROLE_ID) values (2,102);
Insert into SCOTT.USER_ROLE (USER_ID,ROLE_ID) values (3,4);
Insert into SCOTT.USER_ROLE (USER_ID,ROLE_ID) values (4,5);
Insert into SCOTT.USER_ROLE (USER_ID,ROLE_ID) values (101,101);
Insert into SCOTT.USER_ROLE (USER_ID,ROLE_ID) values (6,103);

---------------------------------------------------
--   END DATA FOR TABLE USER_ROLE
---------------------------------------------------

--------------------------------------------------------
--  Constraints for Table ROLE_PRIVILEGE
--------------------------------------------------------

  ALTER TABLE "SCOTT"."ROLE_PRIVILEGE" MODIFY ("ROLE_ID" NOT NULL ENABLE);
 
  ALTER TABLE "SCOTT"."ROLE_PRIVILEGE" MODIFY ("PRIVILEGE_ID" NOT NULL ENABLE);
--------------------------------------------------------
--  Constraints for Table USER_INFO
--------------------------------------------------------

  ALTER TABLE "SCOTT"."USER_INFO" MODIFY ("ID" NOT NULL ENABLE);
 
  ALTER TABLE "SCOTT"."USER_INFO" MODIFY ("USER_CODE" NOT NULL ENABLE);
 
  ALTER TABLE "SCOTT"."USER_INFO" MODIFY ("PASSWORD" NOT NULL ENABLE);
 
  ALTER TABLE "SCOTT"."USER_INFO" MODIFY ("USERNAME" NOT NULL ENABLE);
 
  ALTER TABLE "SCOTT"."USER_INFO" MODIFY ("ENROLLDATE" NOT NULL ENABLE);
 
  ALTER TABLE "SCOTT"."USER_INFO" ADD PRIMARY KEY ("ID")
  USING INDEX PCTFREE 10 INITRANS 2 MAXTRANS 255 COMPUTE STATISTICS 
  STORAGE(INITIAL 65536 NEXT 1048576 MINEXTENTS 1 MAXEXTENTS 2147483645
  PCTINCREASE 0 FREELISTS 1 FREELIST GROUPS 1 BUFFER_POOL DEFAULT FLASH_CACHE DEFAULT CELL_FLASH_CACHE DEFAULT)
  TABLESPACE "USERS"  ENABLE;
 
  ALTER TABLE "SCOTT"."USER_INFO" ADD UNIQUE ("USER_CODE")
  USING INDEX PCTFREE 10 INITRANS 2 MAXTRANS 255 COMPUTE STATISTICS 
  STORAGE(INITIAL 65536 NEXT 1048576 MINEXTENTS 1 MAXEXTENTS 2147483645
  PCTINCREASE 0 FREELISTS 1 FREELIST GROUPS 1 BUFFER_POOL DEFAULT FLASH_CACHE DEFAULT CELL_FLASH_CACHE DEFAULT)
  TABLESPACE "USERS"  ENABLE;
--------------------------------------------------------
--  Constraints for Table COST
--------------------------------------------------------

  ALTER TABLE "SCOTT"."COST" ADD CONSTRAINT "COST_STATUS_CK" CHECK (STATUS  IN  (0,1)) ENABLE;
 
  ALTER TABLE "SCOTT"."COST" MODIFY ("NAME" NOT NULL ENABLE);
--------------------------------------------------------
--  Constraints for Table BUSINESS
--------------------------------------------------------

  ALTER TABLE "SCOTT"."BUSINESS" ADD CONSTRAINT "SERVICE_ID_PK" PRIMARY KEY ("ID")
  USING INDEX PCTFREE 10 INITRANS 2 MAXTRANS 255 COMPUTE STATISTICS 
  STORAGE(INITIAL 65536 NEXT 1048576 MINEXTENTS 1 MAXEXTENTS 2147483645
  PCTINCREASE 0 FREELISTS 1 FREELIST GROUPS 1 BUFFER_POOL DEFAULT FLASH_CACHE DEFAULT CELL_FLASH_CACHE DEFAULT)
  TABLESPACE "USERS"  ENABLE;
 
  ALTER TABLE "SCOTT"."BUSINESS" ADD CONSTRAINT "SERVICE_STATUS_CK" CHECK ( STATUS IN (0,1,2) ) ENABLE;
 
  ALTER TABLE "SCOTT"."BUSINESS" ADD CONSTRAINT "SERVICE_UNIXHOST_OSUSERNAME_UK" UNIQUE ("UNIX_HOST", "OS_USERNAME")
  USING INDEX PCTFREE 10 INITRANS 2 MAXTRANS 255 COMPUTE STATISTICS 
  STORAGE(INITIAL 65536 NEXT 1048576 MINEXTENTS 1 MAXEXTENTS 2147483645
  PCTINCREASE 0 FREELISTS 1 FREELIST GROUPS 1 BUFFER_POOL DEFAULT FLASH_CACHE DEFAULT CELL_FLASH_CACHE DEFAULT)
  TABLESPACE "USERS"  ENABLE;
 
  ALTER TABLE "SCOTT"."BUSINESS" MODIFY ("ACCOUNT_ID" NOT NULL ENABLE);
 
  ALTER TABLE "SCOTT"."BUSINESS" MODIFY ("OS_USERNAME" NOT NULL ENABLE);
 
  ALTER TABLE "SCOTT"."BUSINESS" MODIFY ("LOGIN_PASSWD" NOT NULL ENABLE);
 
  ALTER TABLE "SCOTT"."BUSINESS" MODIFY ("COST_ID" NOT NULL ENABLE);
--------------------------------------------------------
--  Constraints for Table BUSINESS_UPDATE_BAK
--------------------------------------------------------

  ALTER TABLE "SCOTT"."BUSINESS_UPDATE_BAK" MODIFY ("BUSINESS_ID" NOT NULL ENABLE);
 
  ALTER TABLE "SCOTT"."BUSINESS_UPDATE_BAK" MODIFY ("COST_ID" NOT NULL ENABLE);
 
  ALTER TABLE "SCOTT"."BUSINESS_UPDATE_BAK" ADD PRIMARY KEY ("ID")
  USING INDEX PCTFREE 10 INITRANS 2 MAXTRANS 255 COMPUTE STATISTICS 
  STORAGE(INITIAL 65536 NEXT 1048576 MINEXTENTS 1 MAXEXTENTS 2147483645
  PCTINCREASE 0 FREELISTS 1 FREELIST GROUPS 1 BUFFER_POOL DEFAULT FLASH_CACHE DEFAULT CELL_FLASH_CACHE DEFAULT)
  TABLESPACE "USERS"  ENABLE;
--------------------------------------------------------
--  Constraints for Table USER_ROLE
--------------------------------------------------------

  ALTER TABLE "SCOTT"."USER_ROLE" MODIFY ("USER_ID" NOT NULL ENABLE);
 
  ALTER TABLE "SCOTT"."USER_ROLE" MODIFY ("ROLE_ID" NOT NULL ENABLE);
--------------------------------------------------------
--  Constraints for Table ROLE_INFO
--------------------------------------------------------

  ALTER TABLE "SCOTT"."ROLE_INFO" ADD CONSTRAINT "ROLE_INFO_ID_PK" PRIMARY KEY ("ID")
  USING INDEX PCTFREE 10 INITRANS 2 MAXTRANS 255 COMPUTE STATISTICS 
  STORAGE(INITIAL 65536 NEXT 1048576 MINEXTENTS 1 MAXEXTENTS 2147483645
  PCTINCREASE 0 FREELISTS 1 FREELIST GROUPS 1 BUFFER_POOL DEFAULT FLASH_CACHE DEFAULT CELL_FLASH_CACHE DEFAULT)
  TABLESPACE "USERS"  ENABLE;
 
  ALTER TABLE "SCOTT"."ROLE_INFO" MODIFY ("NAME" NOT NULL ENABLE);
--------------------------------------------------------
--  Constraints for Table ACCOUNT
--------------------------------------------------------

  ALTER TABLE "SCOTT"."ACCOUNT" ADD CONSTRAINT "ACCOUNT_GENDER_CK" CHECK (GENDER IN (0,1)) ENABLE;
 
  ALTER TABLE "SCOTT"."ACCOUNT" ADD CONSTRAINT "ACCOUNT_ID_PK" PRIMARY KEY ("ID")
  USING INDEX PCTFREE 10 INITRANS 2 MAXTRANS 255 COMPUTE STATISTICS 
  STORAGE(INITIAL 65536 NEXT 1048576 MINEXTENTS 1 MAXEXTENTS 2147483645
  PCTINCREASE 0 FREELISTS 1 FREELIST GROUPS 1 BUFFER_POOL DEFAULT FLASH_CACHE DEFAULT CELL_FLASH_CACHE DEFAULT)
  TABLESPACE "USERS"  ENABLE;
 
  ALTER TABLE "SCOTT"."ACCOUNT" ADD CONSTRAINT "ACCOUNT_INCARD_NO" UNIQUE ("IDCARD_NO")
  USING INDEX PCTFREE 10 INITRANS 2 MAXTRANS 255 COMPUTE STATISTICS 
  STORAGE(INITIAL 65536 NEXT 1048576 MINEXTENTS 1 MAXEXTENTS 2147483645
  PCTINCREASE 0 FREELISTS 1 FREELIST GROUPS 1 BUFFER_POOL DEFAULT FLASH_CACHE DEFAULT CELL_FLASH_CACHE DEFAULT)
  TABLESPACE "USERS"  ENABLE;
 
  ALTER TABLE "SCOTT"."ACCOUNT" ADD CONSTRAINT "ACCOUNT_LOGIN_NAME_UK" UNIQUE ("LOGIN_NAME")
  USING INDEX PCTFREE 10 INITRANS 2 MAXTRANS 255 COMPUTE STATISTICS 
  STORAGE(INITIAL 65536 NEXT 1048576 MINEXTENTS 1 MAXEXTENTS 2147483645
  PCTINCREASE 0 FREELISTS 1 FREELIST GROUPS 1 BUFFER_POOL DEFAULT FLASH_CACHE DEFAULT CELL_FLASH_CACHE DEFAULT)
  TABLESPACE "USERS"  ENABLE;
 
  ALTER TABLE "SCOTT"."ACCOUNT" ADD CONSTRAINT "ACCOUNT_STATUS_CK" CHECK (STATUS IN (0,1,2)) ENABLE;
 
  ALTER TABLE "SCOTT"."ACCOUNT" MODIFY ("LOGIN_NAME" NOT NULL ENABLE);
 
  ALTER TABLE "SCOTT"."ACCOUNT" MODIFY ("REAL_NAME" NOT NULL ENABLE);
 
  ALTER TABLE "SCOTT"."ACCOUNT" MODIFY ("IDCARD_NO" NOT NULL ENABLE);
 
  ALTER TABLE "SCOTT"."ACCOUNT" MODIFY ("TELEPHONE" NOT NULL ENABLE);
--------------------------------------------------------
--  DDL for Index ACCOUNT_ID_PK
--------------------------------------------------------

  CREATE UNIQUE INDEX "SCOTT"."ACCOUNT_ID_PK" ON "SCOTT"."ACCOUNT" ("ID") 
  PCTFREE 10 INITRANS 2 MAXTRANS 255 COMPUTE STATISTICS 
  STORAGE(INITIAL 65536 NEXT 1048576 MINEXTENTS 1 MAXEXTENTS 2147483645
  PCTINCREASE 0 FREELISTS 1 FREELIST GROUPS 1 BUFFER_POOL DEFAULT FLASH_CACHE DEFAULT CELL_FLASH_CACHE DEFAULT)
  TABLESPACE "USERS" ;
--------------------------------------------------------
--  DDL for Index SERVICE_UNIXHOST_OSUSERNAME_UK
--------------------------------------------------------

  CREATE UNIQUE INDEX "SCOTT"."SERVICE_UNIXHOST_OSUSERNAME_UK" ON "SCOTT"."BUSINESS" ("UNIX_HOST", "OS_USERNAME") 
  PCTFREE 10 INITRANS 2 MAXTRANS 255 COMPUTE STATISTICS 
  STORAGE(INITIAL 65536 NEXT 1048576 MINEXTENTS 1 MAXEXTENTS 2147483645
  PCTINCREASE 0 FREELISTS 1 FREELIST GROUPS 1 BUFFER_POOL DEFAULT FLASH_CACHE DEFAULT CELL_FLASH_CACHE DEFAULT)
  TABLESPACE "USERS" ;
--------------------------------------------------------
--  DDL for Index ROLE_INFO_ID_PK
--------------------------------------------------------

  CREATE UNIQUE INDEX "SCOTT"."ROLE_INFO_ID_PK" ON "SCOTT"."ROLE_INFO" ("ID") 
  PCTFREE 10 INITRANS 2 MAXTRANS 255 COMPUTE STATISTICS 
  STORAGE(INITIAL 65536 NEXT 1048576 MINEXTENTS 1 MAXEXTENTS 2147483645
  PCTINCREASE 0 FREELISTS 1 FREELIST GROUPS 1 BUFFER_POOL DEFAULT FLASH_CACHE DEFAULT CELL_FLASH_CACHE DEFAULT)
  TABLESPACE "USERS" ;
--------------------------------------------------------
--  DDL for Index ACCOUNT_LOGIN_NAME_UK
--------------------------------------------------------

  CREATE UNIQUE INDEX "SCOTT"."ACCOUNT_LOGIN_NAME_UK" ON "SCOTT"."ACCOUNT" ("LOGIN_NAME") 
  PCTFREE 10 INITRANS 2 MAXTRANS 255 COMPUTE STATISTICS 
  STORAGE(INITIAL 65536 NEXT 1048576 MINEXTENTS 1 MAXEXTENTS 2147483645
  PCTINCREASE 0 FREELISTS 1 FREELIST GROUPS 1 BUFFER_POOL DEFAULT FLASH_CACHE DEFAULT CELL_FLASH_CACHE DEFAULT)
  TABLESPACE "USERS" ;
--------------------------------------------------------
--  DDL for Index ACCOUNT_INCARD_NO
--------------------------------------------------------

  CREATE UNIQUE INDEX "SCOTT"."ACCOUNT_INCARD_NO" ON "SCOTT"."ACCOUNT" ("IDCARD_NO") 
  PCTFREE 10 INITRANS 2 MAXTRANS 255 COMPUTE STATISTICS 
  STORAGE(INITIAL 65536 NEXT 1048576 MINEXTENTS 1 MAXEXTENTS 2147483645
  PCTINCREASE 0 FREELISTS 1 FREELIST GROUPS 1 BUFFER_POOL DEFAULT FLASH_CACHE DEFAULT CELL_FLASH_CACHE DEFAULT)
  TABLESPACE "USERS" ;
--------------------------------------------------------
--  DDL for Index SERVICE_ID_PK
--------------------------------------------------------

  CREATE UNIQUE INDEX "SCOTT"."SERVICE_ID_PK" ON "SCOTT"."BUSINESS" ("ID") 
  PCTFREE 10 INITRANS 2 MAXTRANS 255 COMPUTE STATISTICS 
  STORAGE(INITIAL 65536 NEXT 1048576 MINEXTENTS 1 MAXEXTENTS 2147483645
  PCTINCREASE 0 FREELISTS 1 FREELIST GROUPS 1 BUFFER_POOL DEFAULT FLASH_CACHE DEFAULT CELL_FLASH_CACHE DEFAULT)
  TABLESPACE "USERS" ;
--------------------------------------------------------
--  Ref Constraints for Table ACCOUNT
--------------------------------------------------------

  ALTER TABLE "SCOTT"."ACCOUNT" ADD CONSTRAINT "ACCOUNT_RECOMMENDER_ID_FK" FOREIGN KEY ("RECOMMENDER_ID")
	  REFERENCES "SCOTT"."ACCOUNT" ("ID") ENABLE;
--------------------------------------------------------
--  Ref Constraints for Table BUSINESS
--------------------------------------------------------

  ALTER TABLE "SCOTT"."BUSINESS" ADD CONSTRAINT "SERVICE_ACCOUNT_ID_FK" FOREIGN KEY ("ACCOUNT_ID")
	  REFERENCES "SCOTT"."ACCOUNT" ("ID") ENABLE;






